,size,map_unknown_distribution
0,10000.0,0.1467
1,20000.0,0.14941669159437632
2,30000.0,0.15608959402706485
3,40000.0,0.15514182181681868
4,50000.0,0.15704
5,60000.0,0.15626666666666666
6,70000.0,0.15514285714285714
7,80000.0,0.1574460638484038
8,90000.0,0.1586
9,100000.0,0.16022
